{"stats":{"minecraft:mined":{"minecraft:large_fern":1,"minecraft:spruce_log":2,"treechop:chopped_log":3,"regions_unexplored:larch_leaves":2,"minecraft:crafting_table":4,"minecraft:grass":1,"minecraft:grass_block":1,"create_new_age:thorium_ore":16,"minecraft:sand":1,"minecraft:spruce_leaves":3,"regions_unexplored:larch_log":2,"minecraft:stone":21,"minecraft:fern":1},"minecraft:used":{"minecraft:wooden_axe":38,"minecraft:rabbit":1,"minecraft:bread":1,"minecraft:stone_pickaxe":30,"minecraft:shield":11,"minecraft:spruce_planks":19,"minecraft:wooden_pickaxe":9,"minecraft:iron_sword":22,"minecraft:stone_axe":28,"minecraft:cobblestone":1,"minecraft:bow":1,"minecraft:crafting_table":4,"alexsmobs:animal_dictionary":1},"minecraft:crafted":{"minecraft:iron_chestplate":1,"minecraft:shield":1,"minecraft:crafting_table":2,"minecraft:spruce_planks":92,"minecraft:wooden_pickaxe":1,"minecraft:stone_pickaxe":1,"minecraft:wooden_axe":1,"minecraft:stone_axe":1},"minecraft:dropped":{"minecraft:spruce_sapling":1},"minecraft:killed_by":{"minecraft:skeleton":1},"minecraft:picked_up":{"minecraft:stick":13,"minecraft:crafting_table":4,"create_new_age:thorium":60,"minecraft:feather":3,"minecraft:sand":1,"minecraft:spruce_sapling":8,"minecraft:spruce_log":23,"minecraft:bone":8,"minecraft:arrow":12,"minecraft:rotten_flesh":1,"minecraft:bow":1,"minecraft:rabbit_hide":1,"regions_unexplored:larch_log":55,"regions_unexplored:larch_sapling":16,"werewolves:cracked_bone":4,"minecraft:rabbit":1,"minecraft:cobblestone":21},"minecraft:killed":{"minecraft:skeleton":6,"werewolves:werewolf_beast":1,"minecraft:zombie":1},"minecraft:custom":{"minecraft:time_since_rest":5824,"minecraft:sprint_one_cm":310548,"minecraft:damage_taken":3848,"minecraft:walk_one_cm":281349,"minecraft:damage_blocked_by_shield":600,"minecraft:mob_kills":9,"minecraft:drop":1,"minecraft:damage_dealt":1624,"minecraft:interact_with_crafting_table":5,"minecraft:fly_one_cm":236886,"minecraft:open_chest":5,"minecraft:crouch_one_cm":2263,"minecraft:play_time":61518,"minecraft:deaths":15,"minecraft:sneak_time":438,"minecraft:walk_under_water_one_cm":215,"minecraft:jump":949,"minecraft:leave_game":1,"minecraft:time_since_death":5782,"minecraft:walk_on_water_one_cm":257,"minecraft:climb_one_cm":10761,"minecraft:total_world_time":61518,"minecraft:fall_one_cm":17068}},"DataVersion":3465}