{"stats":{"minecraft:mined":{"minecraft:dark_oak_planks":3,"minecraft:spruce_log":3,"treechop:chopped_log":1,"minecraft:crafting_table":1,"minecraft:grass_block":3,"minecraft:dirt":8,"irons_spellbooks:inscription_table":1,"minecraft:stone":31},"minecraft:used":{"minecraft:stone_pickaxe":25,"minecraft:wooden_pickaxe":6,"minecraft:leather_boots":1,"minecraft:stone_axe":20,"minecraft:crafting_table":1,"minecraft:goat_horn":1},"minecraft:crafted":{"minecraft:crafting_table":1,"minecraft:spruce_planks":16,"minecraft:stick":8,"minecraft:wooden_pickaxe":1,"minecraft:stone_pickaxe":2,"minecraft:stone_axe":1},"minecraft:dropped":{"minecraft:wheat_seeds":1,"minecraft:white_wool":1},"minecraft:picked_up":{"minecraft:crafting_table":1,"minecraft:spruce_log":4,"minecraft:dirt":11,"minecraft:dark_oak_planks":3,"minecraft:leather_boots":1,"minecraft:armor_stand":1,"minecraft:wheat_seeds":1,"irons_spellbooks:inscription_table":1,"minecraft:white_wool":1,"minecraft:cobblestone":31},"minecraft:killed":{"creeperoverhaul:snowy_creeper":1,"irons_spellbooks:summoned_polar_bear":1},"minecraft:custom":{"minecraft:time_since_rest":1839,"minecraft:sprint_one_cm":45156,"minecraft:damage_taken":1419,"minecraft:walk_one_cm":59142,"minecraft:mob_kills":2,"minecraft:drop":2,"minecraft:damage_dealt":846,"minecraft:interact_with_crafting_table":3,"minecraft:fly_one_cm":120099,"minecraft:open_barrel":6,"minecraft:open_chest":2,"minecraft:crouch_one_cm":9192,"minecraft:play_time":13115,"minecraft:deaths":5,"minecraft:sneak_time":1266,"minecraft:jump":316,"minecraft:leave_game":1,"minecraft:time_since_death":1815,"minecraft:sleep_in_bed":1,"minecraft:total_world_time":13115,"minecraft:climb_one_cm":3360,"minecraft:fall_one_cm":8535}},"DataVersion":3465}