{"stats":{"minecraft:mined":{"create_new_age:magnetite_block":3,"minecraft:powder_snow":6,"regions_unexplored:larch_planks":1,"minecraft:crafting_table":4,"regions_unexplored:bleeding_heart":2,"minecraft:grass_block":7,"minecraft:chest":1,"create_new_age:thorium_ore":5,"minecraft:lapis_ore":6,"minecraft:coal_block":53,"minecraft:cobblestone":8,"minecraft:spruce_leaves":7,"vampirism:hunter_table":1,"minecraft:sugar_cane":4,"minecraft:diorite":4,"minecraft:blue_bed":2,"minecraft:wall_torch":2,"minecraft:furnace":2,"minecraft:iron_ore":19,"minecraft:sweet_berry_bush":2,"minecraft:ice":7,"minecraft:spruce_log":9,"minecraft:andesite":19,"treechop:chopped_log":2,"minecraft:grass":5,"minecraft:coal_ore":12,"regions_unexplored:white_snowbelle":1,"minecraft:dirt":9,"regions_unexplored:larch_log":2,"minecraft:stone":70,"minecraft:deepslate":1,"regions_unexplored:tassel":5},"minecraft:used":{"minecraft:cooked_mutton":2,"minecraft:diorite":2,"minecraft:stone_sword":94,"minecraft:stone_pickaxe":169,"minecraft:chest":3,"minecraft:wooden_pickaxe":35,"regions_unexplored:larch_boat":5,"minecraft:cooked_chicken":3,"minecraft:rotten_flesh":8,"minecraft:torch":26,"minecraft:dirt":12,"minecraft:crafting_table":4,"minecraft:white_bed":1,"minecraft:granite":3,"minecraft:bread":1,"regions_unexplored:larch_log":2,"minecraft:spruce_sapling":5,"minecraft:stone_axe":84,"minecraft:cobblestone":10,"minecraft:sweet_berries":4,"regions_unexplored:larch_planks":5,"minecraft:oak_sapling":1,"minecraft:furnace":2,"minecraft:cooked_porkchop":11,"minecraft:andesite":1,"minecraft:cobbled_deepslate":1,"minecraft:cooked_beef":2},"minecraft:crafted":{"minecraft:cooked_beef":2,"regions_unexplored:larch_boat":1,"minecraft:coal":9,"minecraft:cooked_porkchop":11,"minecraft:crafting_table":2,"minecraft:spruce_planks":64,"minecraft:wooden_pickaxe":2,"minecraft:cooked_chicken":3,"minecraft:furnace":2,"regions_unexplored:larch_planks":20,"minecraft:stone_axe":3,"minecraft:air":0,"minecraft:stick":36,"minecraft:stone_pickaxe":3,"minecraft:stone_sword":3,"minecraft:chest":2,"minecraft:white_bed":1,"minecraft:torch":36},"minecraft:dropped":{"minecraft:wheat_seeds":1,"minecraft:coal":2,"minecraft:spruce_log":1},"minecraft:picked_up":{"minecraft:crafting_table":4,"create_new_age:thorium":15,"minecraft:feather":5,"minecraft:chicken":3,"regions_unexplored:larch_planks":3,"minecraft:andesite":19,"alexsmobs:bear_fur":2,"minecraft:blue_bed":2,"minecraft:lapis_lazuli":30,"regions_unexplored:tassel":5,"minecraft:dirt":17,"create:limestone":16,"minecraft:cooked_mutton":3,"vampirism:human_heart":2,"minecraft:wheat_seeds":1,"minecraft:cobbled_deepslate":115,"create_new_age:magnetite_block":3,"minecraft:beef":2,"minecraft:calcite":17,"regions_unexplored:larch_log":72,"regions_unexplored:larch_sapling":24,"regions_unexplored:white_snowbelle":1,"minecraft:coal_block":53,"minecraft:sugar_cane":10,"minecraft:chest":1,"regions_unexplored:bleeding_heart":2,"minecraft:egg":2,"minecraft:furnace":2,"minecraft:raw_iron":21,"minecraft:stick":14,"minecraft:sweet_berries":5,"minecraft:torch":2,"vampirism:ring":2,"vampirism:crucifix_normal":1,"minecraft:porkchop":11,"minecraft:spruce_sapling":5,"minecraft:diorite":4,"minecraft:spruce_log":16,"vampirism:hunter_table":1,"minecraft:arrow":2,"minecraft:rotten_flesh":8,"minecraft:granite":8,"minecraft:oak_sapling":1,"minecraft:mutton":3,"regions_unexplored:larch_boat":4,"minecraft:coal":20,"minecraft:snowball":2,"minecraft:white_wool":5,"minecraft:cobblestone":200,"minecraft:ender_pearl":1},"minecraft:killed":{"vampirism:vampire":3,"minecraft:pig":1,"alexsmobs:grizzly_bear":1,"vampirism:hunter":5,"creeperoverhaul:snowy_creeper":1,"minecraft:sheep":2,"minecraft:skeleton":2,"vampirism:blinding_bat":1,"minecraft:zombie":6,"minecraft:chicken":3,"alexsmobs:tusklin":2,"minecraft:enderman":1,"minecraft:cow":1},"minecraft:broken":{"minecraft:stone_pickaxe":1},"minecraft:custom":{"minecraft:interact_with_furnace":11,"minecraft:mob_kills":29,"minecraft:interact_with_cartography_table":1,"vampirism:interact_with_garlic_diffuser":1,"vampirism:interact_with_research_table":1,"minecraft:interact_with_crafting_table":12,"minecraft:open_barrel":2,"minecraft:damage_dealt_resisted":338,"minecraft:leave_game":2,"minecraft:time_since_death":10028,"minecraft:sleep_in_bed":2,"minecraft:climb_one_cm":3487,"minecraft:time_since_rest":10054,"minecraft:sprint_one_cm":653757,"minecraft:damage_taken":2941,"minecraft:walk_one_cm":579970,"minecraft:drop":4,"minecraft:damage_dealt":7600,"minecraft:damage_dealt_absorbed":92,"minecraft:swim_one_cm":31093,"minecraft:fly_one_cm":471927,"minecraft:open_chest":17,"minecraft:crouch_one_cm":10211,"minecraft:play_time":128315,"minecraft:deaths":8,"minecraft:sneak_time":2957,"minecraft:walk_under_water_one_cm":18131,"minecraft:boat_one_cm":116987,"minecraft:jump":1783,"minecraft:walk_on_water_one_cm":15305,"minecraft:total_world_time":128315,"minecraft:fall_one_cm":24774}},"DataVersion":3465}