{"stats":{"minecraft:mined":{"create:zinc_ore":19,"biomesoplenty:orange_autumn_leaves":1,"minecraft:dark_oak_log":1,"vampirism:altar_pillar":8,"regions_unexplored:larch_planks":2,"minecraft:granite":49,"minecraft:grass_block":8,"minecraft:white_stained_glass":4,"vampirism:weapon_table":1,"minecraft:coal_block":31,"beyond_earth:earth_globe":1,"minecraft:gilded_blackstone":5,"minecraft:spawner":3,"minecraft:hay_block":29,"minecraft:magma_block":33,"minecraft:furnace":1,"minecraft:iron_ore":16,"minecraft:andesite":7,"treechop:chopped_log":12,"vampirism:altar_infusion":1,"minecraft:light_gray_concrete":1,"minecraft:stone":285,"create:limestone":16,"minecraft:spruce_slab":3,"minecraft:basalt":5,"create_new_age:magnetite_block":1,"minecraft:crafting_table":6,"minecraft:blast_furnace":2,"minecraft:calcite":17,"minecraft:chest":1,"minecraft:lapis_ore":6,"minecraft:oak_planks":1,"minecraft:diorite":47,"minecraft:blue_bed":6,"minecraft:gray_wool":1,"minecraft:birch_planks":10,"minecraft:light_gray_stained_glass":4,"biomesoplenty:yellow_autumn_leaves":1,"minecraft:spruce_log":2,"biomesoplenty:fir_log":3,"minecraft:smooth_stone_slab":1,"minecraft:grass":3,"minecraft:coal_ore":1,"minecraft:oak_log":1,"minecraft:smooth_quartz":6,"minecraft:sand":4,"minecraft:dirt":25,"werewolves:silver_ore":2,"minecraft:deepslate":114,"vampirism:altar_tip":4},"minecraft:used":{"minecraft:iron_shovel":14,"minecraft:spruce_planks":25,"minecraft:chest":3,"beyond_earth:earth_globe":2,"minecraft:iron_sword":93,"minecraft:cooked_chicken":1,"minecraft:rotten_flesh":2,"minecraft:torch":7,"minecraft:dirt":14,"minecraft:iron_axe":140,"create_new_age:magnetite_block":1,"minecraft:basalt":3,"minecraft:dark_oak_boat":1,"minecraft:furnace":2,"minecraft:powder_snow_bucket":1,"epicfight:skillbook":2,"minecraft:water_bucket":2,"vampirism:weapon_table":1,"minecraft:diorite":7,"minecraft:birch_planks":88,"minecraft:stone_pickaxe":61,"minecraft:oak_planks":37,"minecraft:wooden_pickaxe":25,"minecraft:blue_bed":6,"minecraft:sand":3,"minecraft:crafting_table":7,"minecraft:blast_furnace":2,"minecraft:painting":1,"minecraft:light_gray_concrete":1,"minecraft:bread":34,"minecraft:iron_pickaxe":621,"beyond_earth:oil_bucket":1,"minecraft:bucket":4,"minecraft:andesite":7,"alexsmobs:animal_dictionary":1},"minecraft:crafted":{"minecraft:oak_planks":36,"minecraft:coal":270,"minecraft:dark_oak_boat":1,"minecraft:birch_boat":1,"minecraft:cooked_chicken":1,"minecraft:furnace":1,"minecraft:cooked_mutton":3,"minecraft:stone_pickaxe":1,"minecraft:chest":2,"minecraft:dark_oak_planks":44,"minecraft:wheat":248,"minecraft:crafting_table":2,"minecraft:spruce_planks":52,"minecraft:wooden_pickaxe":1,"minecraft:bucket":1,"minecraft:birch_planks":100,"minecraft:stone_axe":1,"minecraft:bread":63,"minecraft:air":0,"minecraft:stick":8,"minecraft:iron_ingot":1,"minecraft:iron_pickaxe":2,"minecraft:gold_ingot":18,"minecraft:torch":12},"minecraft:dropped":{"minecraft:cooked_porkchop":1,"minecraft:feather":3,"biomesoplenty:maple_sapling":1,"minecraft:cobblestone":64,"minecraft:diorite":28,"minecraft:birch_log":4,"minecraft:white_wool":4,"biomesoplenty:yellow_autumn_sapling":2,"minecraft:wheat":81,"minecraft:rotten_flesh":1,"minecraft:cooked_mutton":3,"minecraft:andesite":1,"create:limestone":16,"minecraft:stone_bricks":5,"minecraft:wooden_pickaxe":1,"minecraft:calcite":17},"minecraft:killed_by":{"werewolves:werewolf_beast":1},"minecraft:picked_up":{"irons_spellbooks:scroll":1,"minecraft:crafting_table":6,"minecraft:wheat":86,"minecraft:chicken":1,"biomesoplenty:orange_autumn_sapling":6,"minecraft:gold_block":1,"minecraft:gilded_blackstone":3,"create:limestone":16,"biomesoplenty:yellow_autumn_sapling":8,"minecraft:gold_nugget":7,"irons_spellbooks:epic_ink":1,"minecraft:calcite":17,"minecraft:coal_block":30,"minecraft:chest":1,"minecraft:furnace":1,"minecraft:raw_iron":14,"minecraft:stick":30,"minecraft:torch":1,"epicfight:skillbook":1,"werewolves:raw_silver":2,"vampirism:holy_water_bottle_enhanced":1,"minecraft:diorite":75,"minecraft:rotten_flesh":4,"minecraft:hay_block":29,"minecraft:iron_block":2,"minecraft:white_wool":4,"minecraft:cobblestone":154,"minecraft:birch_log":29,"minecraft:magma_block":28,"vampirism:weapon_table":1,"minecraft:feather":4,"minecraft:basalt":5,"minecraft:andesite":8,"minecraft:birch_planks":9,"biomesoplenty:fir_sapling":24,"biomesoplenty:fir_log":107,"create:raw_zinc":19,"minecraft:oak_log":9,"minecraft:gunpowder":1,"minecraft:lapis_lazuli":40,"beyond_earth:earth_globe":1,"minecraft:blue_bed":6,"minecraft:dirt":30,"minecraft:apple":2,"minecraft:stone_bricks":5,"minecraft:wheat_seeds":3,"vampirism:altar_pillar":8,"create_new_age:magnetite_block":1,"minecraft:oak_planks":1,"minecraft:sand":3,"minecraft:spruce_sapling":4,"minecraft:blast_furnace":2,"vampirism:altar_infusion":1,"minecraft:spruce_log":15,"minecraft:dark_oak_log":11,"irons_spellbooks:ice_rune":1,"minecraft:light_gray_concrete":1,"biomesoplenty:maple_sapling":3,"vampirism:altar_tip":4,"minecraft:granite":41,"minecraft:painting":1,"minecraft:bread":1,"regions_unexplored:larch_boat":1,"minecraft:coal":1},"minecraft:killed":{"irons_spellbooks:cryomancer":1,"alexsmobs:seagull":2,"creeperoverhaul:snowy_creeper":1,"minecraft:skeleton":2,"minecraft:chicken":1,"vampirism:advanced_hunter":1,"minecraft:creeper":1,"minecraft:sheep":1,"minecraft:zombie":5},"minecraft:broken":{"minecraft:iron_pickaxe":1},"minecraft:custom":{"minecraft:mob_kills":15,"minecraft:interact_with_crafting_table":14,"minecraft:open_barrel":10,"minecraft:damage_dealt_resisted":281,"minecraft:eat_cake_slice":4,"minecraft:leave_game":3,"minecraft:time_since_death":51509,"minecraft:climb_one_cm":25717,"minecraft:sprint_one_cm":873005,"minecraft:walk_one_cm":540720,"minecraft:drop":23,"vampirism:interact_with_totem":3,"minecraft:damage_dealt_absorbed":132,"minecraft:play_time":135824,"minecraft:deaths":11,"minecraft:sneak_time":7998,"minecraft:walk_under_water_one_cm":18602,"minecraft:boat_one_cm":66698,"minecraft:jump":2638,"minecraft:interact_with_blast_furnace":1,"minecraft:walk_on_water_one_cm":31523,"minecraft:total_world_time":135824,"minecraft:interact_with_furnace":3,"vampirism:interact_with_garlic_diffuser":1,"minecraft:sleep_in_bed":5,"minecraft:time_since_rest":11432,"minecraft:damage_taken":3799,"minecraft:damage_dealt":3462,"minecraft:swim_one_cm":73339,"minecraft:fly_one_cm":941047,"minecraft:open_chest":49,"minecraft:crouch_one_cm":51312,"minecraft:fall_one_cm":50149}},"DataVersion":3465}